297802,Aquaman
424783,Bumblebee
504172,The Mule
400650,Mary Poppins Returns
324857,Spider-Man: Into the Spider-Verse
335983,Venom
480530,Creed II
405774,Bird Box
429197,Vice
503314,ドラゴンボール超スーパー ブロリー
404368,Ralph Breaks the Internet
369972,First Man
424694,Bohemian Rhapsody
338952,Fantastic Beasts: The Crimes of Grindelwald
299536,Avengers: Infinity War
428078,Mortal Engines
375588,Robin Hood
567604,Once Upon a Deadpool
454293,Night School
569970,Body Keepers
461693,சிலுக்குவார்பட்டி சிங்கம்
440626,Собибор
505954,Т-34
300681,Replicas
463272,Johnny English Strikes Again
346910,The Predator
424139,Halloween
494113,Infisert
260513,Incredibles 2
426426,Roma
375262,The Favourite
353081,Mission: Impossible - Fallout
363088,Ant-Man and the Wasp
446021,Bad Times at the El Royale
484247,A Simple Favor
284054,Black Panther
399402,Hunter Killer
500664,Upgrade
332562,A Star Is Born
487558,BlacKkKlansman
426563,Holmes & Watson
450001,葉問外傳：張天志
507562,クレヨンしんちゃん 爆盛！カンフーボーイズ ～拉麺大乱～
470044,The Hate U Give
345887,The Equalizer 2
407436,Mowgli: Legend of the Jungle
446894,Smallfoot
383498,Deadpool 2
429476,Hell Fest
351286,Jurassic World: Fallen Kingdom
345940,The Meg
466282,To All the Boys I've Loved Before
398173,The House That Jack Built
438799,Overlord
347375,Mile 22
438808,White Boy Rick
439079,The Nun
569547,Black Mirror: Bandersnatch
458594,Peppermint
348350,Solo: A Star Wars Story
463821,The House with a Clock in Its Walls
543094,劇場版 仮面ライダービルド: ビー・ザ・ワン
442062,Goosebumps 2: Haunted Halloween
399360,Alpha
446101,Assassination Nation
447332,A Quiet Place
402900,Ocean's Eight
489999,Searching
438590,A-X-L
429203,The Old Man & the Gun
445651,The Darkest Minds
333339,Ready Player One
447200,Skyscraper
455207,Crazy Rich Asians
449992,The Night Comes for Us
446807,The Girl in the Spider's Web
337167,Fifty Shades Freed
481375,Malevolent
506600,Фото на память
543103,仮面ライダー平成ジェネレーションズFOREVER
451925,Time Freak
360920,The Grinch
499362,துப்பாக்கி முனை
474354,22 July
449443,Den of Thieves
425505,Kin
336843,Maze Runner: The Death Cure
427641,Rampage
300668,Annihilation
493922,Hereditary
400535,Sicario: Day of the Soldado
490132,Green Book
454227,Outlaw King
526051,Look Away
466411,Speed Kills
442249,The First Purge
532321,Re:Zero kara Hajimeru Isekai Seikatsu Memory Snow
454992,The Spy Who Dumped Me
500475,SuperFly
400155,Hotel Transylvania 3: Summer Vacation
338970,Tomb Raider
424121,Apostle
501630,Summer '03
489931,American Animals
440471,Escape Plan 2: Hades
460071,Lizzie
489930,Blindspotting
449459,The Vanishing
420814,Christopher Robin
451915,Beautiful Boy
401981,Red Sparrow
472734,Dumplin'
548789,The Hopeful Romantic
458423,Mamma Mia! Here We Go Again
460668,I Feel Pretty
536115,GODZILLA -星を喰う者-
460885,Mandy
421658,Final Score
531593,Reprisal
473149,Traffik
268896,Pacific Rim: Uprising
527435,The Christmas Chronicles
438145,Black '47
439015,Slender Man
455980,Tag
468362,The Angel
537996,The Ballad of Buster Scruggs
445571,Game Night
443009,Don't Worry, He Won't Get Far on Foot
426543,The Nutcracker and the Four Realms
295011,Patient Zero
486947,Den skyldige
503346,Occupation
523873,功夫联盟
429300,Adrift
507569,劇場版 七つの大罪 天空の囚われ人
475210,How It Ends
412862,ராட்சசன்
429351,12 Strong
454619,Overboard
361292,Suspiria
454983,The Kissing Booth
430231,The Endless
525460,Welcome Home
390874,Ashes in the Snow
476292,Maquia: When the Promised Flower Blooms
384677,Set It Up
496274,The Thinning: New World Order
470229,Summer of 84
458737,First Reformed
395841,Hold the Dark
497814,Breaking In
399035,The Commuter
401478,Death Race: Beyond Anarchy
448776,A Prayer Before Dawn
470894,At First Light
396806,Anon
419743,Disobedience
544431,The Clovehitch Killer
505177,10x10
556803,The Princess Switch
412988,The Happytime Murders
424781,Sorry to Bother You
503619,The Package
453201,The 15:17 to Paris
401905,Fahrenheit 451
339103,Gotti
459910,Braven
522417,The Scorpion King: Book of Souls
474335,Uncle Drew
454610,Anthem of a Teenage Prophet
426814,The Domestics
481203,All the Devil's Men
530442,My Teacher, My Obsession
464502,Acrimony
429415,Extinction
400579,Tully
437586,Mid90s
220882,London Fields
505192,万引き家族
399796,Life of the Party
463858,Première année
420426,Bleach
384521,The Cloverfield Paradox
440298,Zimna wojna
419478,Midnight Sun
495925,映画 ドラえもん のび太の宝島
297725,The Man Who Killed Don Quixote
395990,Death Wish
429417,Ghost Stories
370567,Sherlock Gnomes
401469,Widows
448095,I Still See You
416234,Winchester
459258,Distorted
460019,Truth or Dare
340674,Dark Crimes
521647,Darc
500919,211
519035,Nappily Ever After
406563,Insidious: The Last Key
476926,The Titan
399248,Beirut
414191,Our House
437557,Blockers
476299,Ghostland
514277,Mara
449176,Love, Simon
339380,On the Basis of Sex
433498,Papillon
411143,Tau
411135,Future World
490003,Won't You Be My Neighbor?
462919,Sierra Burgess Is a Loser
399174,Isle of Dogs
489925,Eighth Grade
454652,Colette
385332,Terminal
493006,名探偵コナン ゼロの執行人
463053,Ibiza
489927,The Kindergarten Teacher
467660,Unsane
489929,Destination Wedding
381719,Peter Rabbit
527729,Astérix : Le Secret de la potion magique
351044,Welcome to Marwen
419831,I Kill Giants
472226,Blood Fest
417261,Forever My Girl
340022,Gringo
438689,Siberia
520360,King of Thieves
414001,The Mercy
440161,The Sisters Brothers
492336,Deep Blue Sea 2
525554,Lukas
490004,Arizona
470878,I Can Only Imagine
371608,The Strangers: Prey at Night
530154,Lust Stories
426613,The Miseducation of Cameron Post
369523,The Tale
407451,A Wrinkle in Time
479040,Acts of Violence
499631,Fabrizio De André - Principe libero
406761,Hotel Artemis
491472,At Eternity's Gate
511449,Family Blood
505058,Unfriended: Dark Web
503616,Second Act
430040,The Hurricane Heist
536413,純平、考え直せ
536474,Hezarpa
416194,Skjelvet
523777,Next Gen
483184,Dogman
516846,Once Upon a Prince
50022,Super Troopers 2
492719,GODZILLA 決戦機動増殖都市
507419,இட்லி
491584,버닝
443463,Leave No Trace
545963,Norm of the North: Keys to the Kingdom
429195,Dark River
538604,The After Party
417643,In Darkness
396461,Under the Silver Lake
531949,Father of the Year
471474,Batman: Gotham by Gaslight
502682,Book Club
465109,The Week Of
485942,ニンジャバットマン
462391,ஆண் தேவதை
512412,Backtrace
467952,The Catcher Was a Spy
521935,Cam
472138,Thugs of Hindostan
557635,After Porn Ends 3
448916,2036 Origin Unknown
487670,The Death of Superman
437543,西游记·女儿国
458344,Juliet, Naked
399131,Dude
538362,Sulla mia pelle
465136,Every Day
474395,Teen Titans Go! To the Movies
417812,Wildlife
394741,Stan & Ollie
496704,Tremors: A Cold Day in Hell
455108,The Little Stranger
387592,Early Man
549165,Robin Hood: The Rebellion
451713,Un amour impossible
538026,Thirudathey Papa Thirudathey
493551,Operation Finale
451919,What They Had
527281,センセイ君主
433310,When We First Met
451877,I Think We're Alone Now
492452,Ben Is Back
338768,Please Stand By
514754,Bao
332283,Mary Shelley
498249,Mauvaises Herbes
497370,마약왕
568332,Taylor Swift: Reputation Stadium Tour
432301,Chappaquiddick
487258,மறைந்திருந்து பார்க்கும் மர்மம் என்ன
362826,Wildling
465914,If Beale Street Could Talk
401545,Todos lo saben
505579,Bent
487476,Le Jeu
431072,Step Sisters
496328,संजू
532908,Fahrenheit 11/9
566449,斉木楠雄のΨ難 完結編
518452,Like Father
385448,The Little Mermaid
340613,The Wife
454283,Action Point
385360,Billionaire Boys Club
497727,За гранью реальности
477033,Errementari
490214,The Frozen Hero II
483980,Z-O-M-B-I-E-S
515916,Girl
425373,The Miracle Season
511785,Alex Strangelove
456750,Game Over, Man!
491418,Instant Family
391710,A Futile and Stupid Gesture
517814,کفرناحوم
529982,Asher
460555,红海行动
515841,Je ne suis pas un homme facile
494407,劇場版ポケットモンスター みんなの物語
397722,Thoroughbreds
513574,Battle
345934,Air Strike
420634,Terrifier
467632,Bad Samaritan
543580,They Shall Not Grow Old
518671,Shéhérazade
433627,7 Days in Entebbe
422742,Jim Knopf und Lukas der Lokomotivführer
513223,Perdida
401371,Mute
451480,The Guernsey Literary & Potato Peel Pie Society
486753,Not Cinderella's Type
569578,Ascharya Fuck It
518880,Solo
487242,Suicide Squad: Hell to Pay
455236,Accident Man
516716,Milly & Mamet
421471,Flower
458005,Zoe
434355,Taxi 5
485296,Redbad
504603,Le Monde est à toi
