428078,Mortal Engines
424694,Bohemian Rhapsody
297802,Aquaman
424783,Bumblebee
480530,Creed II
401469,Widows
332562,A Star Is Born
504172,The Mule
324857,Spider-Man: Into the Spider-Verse
369972,First Man
299536,Avengers: Infinity War
375588,Robin Hood
360920,The Grinch
399402,Hunter Killer
400650,Mary Poppins Returns
446807,The Girl in the Spider's Web
335983,Venom
338952,Fantastic Beasts: The Crimes of Grindelwald
401847,Can You Ever Forgive Me?
404368,Ralph Breaks the Internet
424139,Halloween
503616,Second Act
505954,Т-34
426543,The Nutcracker and the Four Realms
260513,Incredibles 2
543103,仮面ライダー平成ジェネレーションズFOREVER
300681,Replicas
375262,The Favourite
503314,ドラゴンボール超スーパー ブロリー
465914,If Beale Street Could Talk
426563,Holmes & Watson
284054,Black Panther
337167,Fifty Shades Freed
383498,Deadpool 2
567604,Once Upon a Deadpool
405774,Bird Box
429197,Vice
490132,Green Book
351286,Jurassic World: Fallen Kingdom
346910,The Predator
499362,துப்பாக்கி முனை
442062,Goosebumps 2: Haunted Halloween
353081,Mission: Impossible - Fallout
569970,Body Keepers
487558,BlacKkKlansman
345887,The Equalizer 2
363088,Ant-Man and the Wasp
466282,To All the Boys I've Loved Before
463821,The House with a Clock in Its Walls
440626,Собибор
345940,The Meg
463272,Johnny English Strikes Again
347375,Mile 22
489999,Searching
461693,சிலுக்குவார்பட்டி சிங்கம்
450001,葉問外傳：張天志
439079,The Nun
399360,Alpha
451915,Beautiful Boy
484247,A Simple Favor
438799,Overlord
426426,Roma
400535,Sicario: Day of the Soldado
446021,Bad Times at the El Royale
348350,Solo: A Star Wars Story
447332,A Quiet Place
333339,Ready Player One
470044,The Hate U Give
447200,Skyscraper
500664,Upgrade
454293,Night School
429476,Hell Fest
446894,Smallfoot
455207,Crazy Rich Asians
491472,At Eternity's Gate
427641,Rampage
458594,Peppermint
417261,Forever My Girl
300668,Annihilation
407436,Mowgli: Legend of the Jungle
520360,King of Thieves
402900,Ocean's Eight
297725,The Man Who Killed Don Quixote
475132,A Private War
532321,Re:Zero kara Hajimeru Isekai Seikatsu Memory Snow
438590,A-X-L
449443,Den of Thieves
340613,The Wife
516716,Milly & Mamet
395990,Death Wish
489930,Blindspotting
466411,Speed Kills
442249,The First Purge
401981,Red Sparrow
338970,Tomb Raider
505262,僕のヒーローアカデミア THE MOVIE ～2人の英雄（ヒーロー）～
487258,மறைந்திருந்து பார்க்கும் மர்மம் என்ன
361292,Suspiria
398173,The House That Jack Built
537996,The Ballad of Buster Scruggs
473149,Traffik
458423,Mamma Mia! Here We Go Again
493922,Hereditary
420814,Christopher Robin
429351,12 Strong
425505,Kin
556803,The Princess Switch
446101,Assassination Nation
454992,The Spy Who Dumped Me
400155,Hotel Transylvania 3: Summer Vacation
336843,Maze Runner: The Death Cure
497814,Breaking In
484436,Ánimas
522417,The Scorpion King: Book of Souls
438808,White Boy Rick
454227,Outlaw King
268896,Pacific Rim: Uprising
419743,Disobedience
401545,Todos lo saben
458737,First Reformed
399035,The Commuter
526051,Look Away
445651,The Darkest Minds
438689,Siberia
474335,Uncle Drew
455980,Tag
531593,Reprisal
472451,Boy Erased
438145,Black '47
454619,Overboard
399174,Isle of Dogs
407451,A Wrinkle in Time
491584,버닝
432301,Chappaquiddick
468362,The Angel
543094,劇場版 仮面ライダービルド: ビー・ザ・ワン
475210,How It Ends
440161,The Sisters Brothers
467952,The Catcher Was a Spy
454983,The Kissing Booth
489931,American Animals
481375,Malevolent
421658,Final Score
419478,Midnight Sun
412988,The Happytime Murders
569547,Black Mirror: Bandersnatch
462391,ஆண் தேவதை
507076,Climax
426814,The Domestics
522449,Goyo: Ang Batang Heneral
496274,The Thinning: New World Order
460885,Mandy
437557,Blockers
419831,I Kill Giants
448776,A Prayer Before Dawn
460019,Truth or Dare
470894,At First Light
443009,Don't Worry, He Won't Get Far on Foot
429203,The Old Man & the Gun
487670,The Death of Superman
401478,Death Race: Beyond Anarchy
507562,クレヨンしんちゃん 爆盛！カンフーボーイズ ～拉麺大乱～
440298,Zimna wojna
462919,Sierra Burgess Is a Loser
500919,211
440471,Escape Plan 2: Hades
400579,Tully
460668,I Feel Pretty
433498,Papillon
514619,Nobody's Fool
457136,Mary Queen of Scots
505177,10x10
459910,Braven
424781,Sorry to Bother You
476926,The Titan
449992,The Night Comes for Us
472734,Dumplin'
414191,Our House
474354,22 July
340674,Dark Crimes
384521,The Cloverfield Paradox
420426,Bleach
429415,Extinction
429300,Adrift
527281,センセイ君主
449176,Love, Simon
459616,Alad'2
495925,映画 ドラえもん のび太の宝島
460071,Lizzie
476292,さよならの朝に約束の花をかざろう
502682,Book Club
370567,Sherlock Gnomes
503619,The Package
439015,Slender Man
483184,Dogman
544431,The Clovehitch Killer
411135,Future World
411143,Tau
424121,Apostle
465136,Every Day
530442,My Teacher, My Obsession
220882,London Fields
467660,Unsane
523873,功夫联盟
416234,Winchester
449459,The Vanishing
470229,Summer of 84
500475,SuperFly
443463,Leave No Trace
430231,The Endless
464502,Acrimony
385360,Billionaire Boys Club
455108,The Little Stranger
487242,Suicide Squad: Hell to Pay
396806,Anon
445571,Game Night
454652,Colette
493900,303
395841,Hold the Dark
406563,Insidious: The Last Key
381719,Peter Rabbit
451925,Time Freak
503346,Occupation
501630,Summer '03
453201,The 15:17 to Paris
516850,Русалка. Озеро мертвых
474395,Teen Titans Go! To the Movies
515916,Girl
486947,Den skyldige
399796,Life of the Party
490003,Won't You Be My Neighbor?
536474,Hezarpa
458005,Zoe
339103,Gotti
485942,ニンジャバットマン
295011,Patient Zero
340022,Gringo
463053,Ibiza
387592,Early Man
406761,Hotel Artemis
477510,Dog Days
505192,万引き家族
401905,Fahrenheit 451
519035,Nappily Ever After
412862,ராட்சசன்
476299,Ghostland
470333,Hearts Beat Loud
505058,Unfriended: Dark Web
521647,Darc
429417,Ghost Stories
527435,The Christmas Chronicles
491418,Instant Family
430040,The Hurricane Heist
529210,La sombra de la ley
489929,Destination Wedding
470878,I Can Only Imagine
458534,Tout le monde debout
417643,In Darkness
399248,Beirut
538604,The After Party
437586,Mid90s
476678,Backstabbing for Beginners
523777,Next Gen
399131,Dude
492336,Deep Blue Sea 2
460555,红海行动
396461,Under the Silver Lake
199928,The Outsider
515841,Je ne suis pas un homme facile
479040,Acts of Violence
517331,El reino
548789,The Hopeful Romantic
50022,Super Troopers 2
385448,The Little Mermaid
514277,Mara
487476,Le Jeu
521784,حرب كرموز
543580,They Shall Not Grow Old
511785,Alex Strangelove
456929,Campeones
434555,The Possession of Hannah Grace
434355,Taxi 5
451877,I Think We're Alone Now
533992,Cuando los ángeles duermen
531949,Father of the Year
490214,冰封侠：时空行者
437316,Les Aventures de Spirou et Fantasio
472226,Blood Fest
529207,Ola de crímenes
496704,Tremors: A Cold Day in Hell
521935,Cam
426613,The Miseducation of Cameron Post
505579,Bent
339380,On the Basis of Sex
518452,Like Father
489925,Eighth Grade
517814,کفرناحوم
458109,Spinning Man
369523,The Tale
459258,Distorted
384677,Set It Up
431072,Step Sisters
458344,Juliet, Naked
455236,Accident Man
362826,Wildling
454283,Action Point
338768,Please Stand By
489927,The Kindergarten Teacher
554731,A Man Called Ahok
371608,The Strangers: Prey at Night
523773,Little Italy
511449,Family Blood
394741,Stan & Ollie
506763,狄仁杰之四大天王
497916,Bankier van het Verzet
474331,Au Poste !
530154,Lust Stories
385332,Terminal
448095,I Still See You
493551,Operation Finale
390874,Ashes in the Snow
513223,Perdida
401371,Mute
555850,The Holiday Calendar
332283,Mary Shelley
518880,Solo
465109,The Week Of
448916,2036 Origin Unknown
534780,अंधाधुन
540884,济公之英雄归位
498249,Mauvaises Herbes
418472,Ahlat Ağacı
467936,The Children Act
442064,Proud Mary
569578,Ascharya Fuck It
477033,Errementari
416194,Skjelvet
496328,संजू
437375,Looking Glass
557635,After Porn Ends 3
417812,Wildlife
463858,Première année
433310,When We First Met
456750,Game Over, Man!
467632,Bad Samaritan
474051,Calibre
456154,Croc-Blanc
513347,肆式青春
570352,Agatha and the Truth of Murder
513574,Battle
506407,Social Animals
477489,Dans la brume
527729,Astérix : Le Secret de la potion magique
469721,The Cured
492719,GODZILLA 決戦機動増殖都市
530254,마녀
486589,Red Shoes & the 7 Dwarfs
421471,Flower
391710,A Futile and Stupid Gesture
451480,The Guernsey Literary & Potato Peel Pie Society
